{
  "id": "2260977",
  "name": "web大作业",
  "font_family": "iconfont",
  "css_prefix_text": "icon-",
  "description": "",
  "glyphs": [
    {
      "icon_id": "15942527",
      "name": "会议",
      "font_class": "huiyi",
      "unicode": "e684",
      "unicode_decimal": 59012
    },
    {
      "icon_id": "1058772",
      "name": "回到顶部",
      "font_class": "huidaodingbu",
      "unicode": "e6e8",
      "unicode_decimal": 59112
    },
    {
      "icon_id": "281041",
      "name": "地址",
      "font_class": "dizhi",
      "unicode": "e639",
      "unicode_decimal": 58937
    },
    {
      "icon_id": "11725572",
      "name": "主办单位",
      "font_class": "zhubandanwei",
      "unicode": "e664",
      "unicode_decimal": 58980
    },
    {
      "icon_id": "18512460",
      "name": "时 间",
      "font_class": "shijian",
      "unicode": "e605",
      "unicode_decimal": 58885
    }
  ]
}
